2025-03-21T00:00:22.800000Z,short_signal
2025-03-21T00:00:25.400000Z,icequake
2025-03-21T00:00:30.800000Z,noise
2025-03-21T00:00:37.400000Z,short_signal
2025-03-21T00:00:42.800000Z,short_signal
2025-03-21T00:00:45.000000Z,surface_waves
2025-03-21T00:00:49.000000Z,noise
2025-03-21T00:02:08.600000Z,short_signal
2025-03-21T00:02:14.200000Z,short_signal
2025-03-21T00:02:25.600000Z,noise
2025-03-21T00:02:41.600000Z,noise
2025-03-21T00:02:53.800000Z,short_signal
2025-03-21T00:02:56.000000Z,short_signal
2025-03-21T00:03:10.000000Z,noise
2025-03-21T00:03:24.000000Z,short_signal
2025-03-21T00:03:47.000000Z,noise
2025-03-21T00:03:52.000000Z,short_signal
2025-03-21T00:05:03.200000Z,icequake
2025-03-21T00:05:10.400000Z,noise
2025-03-21T00:05:29.400000Z,noise
2025-03-21T00:05:40.400000Z,short_signal
2025-03-21T00:06:00.600000Z,short_signal
2025-03-21T00:06:58.200000Z,noise
2025-03-21T00:07:02.000000Z,icequake
2025-03-21T00:07:12.200000Z,short_signal
2025-03-21T00:07:38.200000Z,noise
2025-03-21T00:07:46.800000Z,short_signal
2025-03-21T00:08:14.800000Z,short_signal
2025-03-21T00:08:17.000000Z,short_signal
2025-03-21T00:08:35.800000Z,noise
2025-03-21T00:08:39.800000Z,noise
2025-03-21T00:09:11.400000Z,noise
2025-03-21T00:09:46.000000Z,noise
2025-03-21T00:10:02.000000Z,icequake
2025-03-21T00:10:24.800000Z,surface_waves
2025-03-21T00:10:58.400000Z,noise
2025-03-21T00:12:15.800000Z,short_signal
2025-03-21T00:12:19.600000Z,icequake
2025-03-21T00:12:22.200000Z,surface_waves
2025-03-21T00:12:28.600000Z,noise
2025-03-21T00:12:43.600000Z,short_signal
2025-03-21T00:13:02.600000Z,noise
2025-03-21T00:13:31.400000Z,icequake
2025-03-21T00:13:59.200000Z,noise
2025-03-21T00:14:29.600000Z,noise
2025-03-21T00:14:32.400000Z,noise
2025-03-21T00:15:04.400000Z,noise
2025-03-21T00:15:12.200000Z,noise
2025-03-21T00:15:34.200000Z,short_signal
2025-03-21T00:15:46.400000Z,noise
2025-03-21T00:15:49.400000Z,surface_waves
2025-03-21T00:15:55.800000Z,noise
2025-03-21T00:16:05.400000Z,noise
2025-03-21T00:16:16.400000Z,short_signal
2025-03-21T00:16:59.600000Z,icequake
2025-03-21T00:17:30.200000Z,short_signal
2025-03-21T00:18:08.600000Z,short_signal
2025-03-21T00:18:28.600000Z,short_signal
2025-03-21T00:18:31.600000Z,short_signal
2025-03-21T00:19:19.200000Z,noise
2025-03-21T00:19:28.000000Z,short_signal
2025-03-21T00:20:12.200000Z,short_signal
2025-03-21T00:20:32.200000Z,noise
2025-03-21T00:20:36.400000Z,noise
2025-03-21T00:21:08.000000Z,noise
2025-03-21T00:21:35.600000Z,short_signal
2025-03-21T00:21:46.600000Z,short_signal
2025-03-21T00:23:00.600000Z,surface_waves
2025-03-21T00:23:09.000000Z,short_signal
2025-03-21T00:23:19.600000Z,short_signal
2025-03-21T00:23:29.000000Z,noise
2025-03-21T00:23:32.400000Z,noise
2025-03-21T00:23:35.200000Z,noise
2025-03-21T00:23:47.600000Z,noise
2025-03-21T00:23:58.600000Z,noise
2025-03-21T00:24:20.000000Z,noise
2025-03-21T00:24:27.000000Z,short_signal
2025-03-21T00:25:21.400000Z,short_signal
2025-03-21T00:25:37.600000Z,noise
2025-03-21T00:26:24.800000Z,short_signal
2025-03-21T00:26:30.400000Z,noise
2025-03-21T00:26:38.000000Z,short_signal
2025-03-21T00:26:59.400000Z,noise
2025-03-21T00:27:49.200000Z,surface_waves
2025-03-21T00:29:05.400000Z,noise
2025-03-21T00:30:12.000000Z,noise
2025-03-21T00:30:38.600000Z,short_signal
2025-03-21T00:30:52.400000Z,noise
2025-03-21T00:31:19.400000Z,surface_waves
2025-03-21T00:32:59.400000Z,noise
2025-03-21T00:33:35.000000Z,surface_waves
2025-03-21T00:33:50.600000Z,short_signal
2025-03-21T00:35:40.800000Z,short_signal
2025-03-21T00:35:53.200000Z,surface_waves
2025-03-21T00:35:55.400000Z,short_signal
2025-03-21T00:36:00.400000Z,short_signal
2025-03-21T00:37:23.000000Z,noise
2025-03-21T00:37:28.600000Z,surface_waves
2025-03-21T00:38:11.000000Z,noise
2025-03-21T00:38:13.200000Z,noise
2025-03-21T00:38:22.400000Z,short_signal
2025-03-21T00:38:53.000000Z,noise
2025-03-21T00:39:30.400000Z,noise
2025-03-21T00:39:51.800000Z,noise
2025-03-21T00:40:05.800000Z,short_signal
2025-03-21T00:40:26.800000Z,short_signal
2025-03-21T00:40:38.200000Z,short_signal
2025-03-21T00:40:41.800000Z,short_signal
2025-03-21T00:42:09.400000Z,noise
2025-03-21T00:43:01.800000Z,noise
2025-03-21T00:43:29.600000Z,noise
2025-03-21T00:43:38.800000Z,noise
2025-03-21T00:44:22.800000Z,noise
2025-03-21T00:45:02.600000Z,short_signal
2025-03-21T00:45:14.600000Z,noise
2025-03-21T00:45:23.200000Z,noise
2025-03-21T00:45:28.600000Z,noise
2025-03-21T00:46:25.800000Z,noise
2025-03-21T00:46:28.800000Z,surface_waves
2025-03-21T00:46:39.400000Z,noise
2025-03-21T00:46:45.400000Z,short_signal
2025-03-21T00:46:48.400000Z,short_signal
2025-03-21T00:46:54.800000Z,noise
2025-03-21T00:47:13.800000Z,surface_waves
2025-03-21T00:47:19.600000Z,surface_waves
2025-03-21T00:47:26.600000Z,short_signal
2025-03-21T00:47:59.400000Z,noise
2025-03-21T00:48:09.600000Z,short_signal
2025-03-21T00:48:15.400000Z,noise
2025-03-21T00:48:44.000000Z,noise
2025-03-21T00:48:56.800000Z,noise
2025-03-21T00:49:32.400000Z,short_signal
2025-03-21T00:50:33.400000Z,surface_waves
2025-03-21T00:50:53.400000Z,short_signal
2025-03-21T00:51:20.400000Z,noise
2025-03-21T00:51:30.400000Z,noise
2025-03-21T00:52:12.600000Z,short_signal
2025-03-21T00:52:25.000000Z,short_signal
2025-03-21T00:52:27.600000Z,short_signal
2025-03-21T00:53:00.000000Z,surface_waves
2025-03-21T00:53:05.400000Z,noise
2025-03-21T00:53:09.000000Z,noise
2025-03-21T00:53:30.400000Z,short_signal
2025-03-21T00:53:35.200000Z,noise
2025-03-21T00:53:42.800000Z,surface_waves
2025-03-21T00:53:45.400000Z,surface_waves
2025-03-21T00:53:55.400000Z,short_signal
2025-03-21T00:54:27.600000Z,short_signal
2025-03-21T00:55:17.800000Z,noise
2025-03-21T00:55:59.200000Z,short_signal
2025-03-21T00:56:11.600000Z,noise
2025-03-21T00:56:56.600000Z,short_signal
2025-03-21T00:57:40.600000Z,short_signal
2025-03-21T00:57:47.400000Z,short_signal
2025-03-21T00:57:53.600000Z,noise
2025-03-21T00:58:10.200000Z,noise
2025-03-21T00:58:14.200000Z,noise
2025-03-21T00:58:28.800000Z,noise
2025-03-21T00:58:37.600000Z,short_signal
2025-03-21T00:58:40.600000Z,short_signal
2025-03-21T00:59:16.400000Z,noise
2025-03-21T00:59:33.000000Z,icequake
2025-03-21T01:00:02.000000Z,short_signal
2025-03-21T01:00:08.000000Z,icequake
2025-03-21T01:00:14.600000Z,noise
2025-03-21T01:00:53.000000Z,noise
2025-03-21T01:01:29.600000Z,icequake
2025-03-21T01:01:39.000000Z,noise
2025-03-21T01:01:41.600000Z,noise
2025-03-21T01:01:59.400000Z,noise
2025-03-21T01:02:01.600000Z,noise
2025-03-21T01:02:37.600000Z,short_signal
2025-03-21T01:02:42.200000Z,short_signal
2025-03-21T01:02:52.800000Z,noise
2025-03-21T01:03:01.200000Z,short_signal
2025-03-21T01:03:04.600000Z,noise
2025-03-21T01:03:41.200000Z,noise
2025-03-21T01:04:08.000000Z,short_signal
2025-03-21T01:04:10.200000Z,short_signal
2025-03-21T01:04:45.400000Z,surface_waves
2025-03-21T01:04:47.600000Z,surface_waves
2025-03-21T01:05:41.000000Z,noise
2025-03-21T01:05:53.800000Z,icequake
2025-03-21T01:06:26.600000Z,noise
2025-03-21T01:07:36.400000Z,short_signal
2025-03-21T01:07:49.200000Z,surface_waves
2025-03-21T01:08:10.200000Z,icequake
2025-03-21T01:08:27.400000Z,surface_waves
2025-03-21T01:08:31.400000Z,noise
2025-03-21T01:08:33.600000Z,short_signal
2025-03-21T01:08:47.000000Z,noise
2025-03-21T01:08:58.400000Z,noise
2025-03-21T01:09:09.600000Z,short_signal
2025-03-21T01:09:17.800000Z,short_signal
2025-03-21T01:09:21.600000Z,noise
2025-03-21T01:09:58.600000Z,noise
2025-03-21T01:10:08.600000Z,noise
2025-03-21T01:10:28.800000Z,icequake
2025-03-21T01:11:25.400000Z,surface_waves
2025-03-21T01:11:40.800000Z,surface_waves
2025-03-21T01:12:04.600000Z,noise
2025-03-21T01:12:07.600000Z,noise
2025-03-21T01:12:45.000000Z,noise
2025-03-21T01:13:56.200000Z,short_signal
2025-03-21T01:14:08.600000Z,noise
2025-03-21T01:14:19.600000Z,short_signal
2025-03-21T01:14:29.600000Z,noise
2025-03-21T01:15:06.400000Z,short_signal
2025-03-21T01:16:06.800000Z,noise
2025-03-21T01:16:40.200000Z,noise
2025-03-21T01:16:45.800000Z,noise
2025-03-21T01:16:50.800000Z,short_signal
2025-03-21T01:16:53.200000Z,surface_waves
2025-03-21T01:16:56.000000Z,surface_waves
2025-03-21T01:17:01.600000Z,short_signal
2025-03-21T01:17:11.600000Z,surface_waves
2025-03-21T01:20:17.600000Z,short_signal
2025-03-21T01:20:19.800000Z,short_signal
2025-03-21T01:20:34.800000Z,short_signal
2025-03-21T01:20:46.600000Z,noise
2025-03-21T01:21:07.000000Z,noise
2025-03-21T01:21:11.400000Z,short_signal
2025-03-21T01:21:14.000000Z,icequake
2025-03-21T01:21:16.600000Z,surface_waves
2025-03-21T01:21:47.600000Z,noise
2025-03-21T01:21:57.200000Z,short_signal
2025-03-21T01:22:07.400000Z,icequake
2025-03-21T01:22:16.600000Z,short_signal
2025-03-21T01:22:21.800000Z,noise
2025-03-21T01:22:27.200000Z,noise
2025-03-21T01:22:41.000000Z,short_signal
2025-03-21T01:22:51.000000Z,noise
2025-03-21T01:23:26.400000Z,noise
2025-03-21T01:24:08.200000Z,noise
2025-03-21T01:24:12.600000Z,noise
2025-03-21T01:24:54.600000Z,noise
2025-03-21T01:24:59.200000Z,noise
2025-03-21T01:26:07.200000Z,short_signal
2025-03-21T01:26:09.400000Z,short_signal
2025-03-21T01:26:13.600000Z,short_signal
2025-03-21T01:26:30.600000Z,noise
2025-03-21T01:26:34.400000Z,short_signal
2025-03-21T01:26:39.000000Z,noise
2025-03-21T01:27:04.200000Z,noise
2025-03-21T01:27:08.200000Z,icequake
2025-03-21T01:27:15.400000Z,short_signal
2025-03-21T01:27:31.600000Z,noise
2025-03-21T01:27:45.600000Z,noise
2025-03-21T01:28:04.400000Z,noise
2025-03-21T01:28:06.600000Z,noise
2025-03-21T01:28:52.800000Z,surface_waves
2025-03-21T01:30:36.800000Z,short_signal
2025-03-21T01:30:49.000000Z,surface_waves
2025-03-21T01:31:37.600000Z,noise
2025-03-21T01:31:39.800000Z,noise
2025-03-21T01:31:53.400000Z,noise
2025-03-21T01:32:16.400000Z,noise
2025-03-21T01:32:18.800000Z,noise
2025-03-21T01:32:54.600000Z,surface_waves
2025-03-21T01:33:23.800000Z,short_signal
2025-03-21T01:33:34.000000Z,noise
2025-03-21T01:33:48.200000Z,short_signal
2025-03-21T01:34:35.400000Z,surface_waves
2025-03-21T01:35:38.200000Z,noise
2025-03-21T01:37:15.000000Z,noise
2025-03-21T01:37:26.600000Z,noise
2025-03-21T01:37:34.000000Z,surface_waves
2025-03-21T01:37:44.000000Z,noise
2025-03-21T01:37:48.800000Z,noise
2025-03-21T01:37:52.400000Z,noise
2025-03-21T01:38:06.600000Z,noise
2025-03-21T01:38:50.400000Z,noise
2025-03-21T01:39:34.400000Z,short_signal
2025-03-21T01:40:11.600000Z,short_signal
2025-03-21T01:41:03.400000Z,noise
2025-03-21T01:41:37.600000Z,noise
2025-03-21T01:41:41.200000Z,short_signal
2025-03-21T01:42:05.400000Z,noise
2025-03-21T01:42:17.000000Z,noise
2025-03-21T01:42:29.800000Z,noise
2025-03-21T01:42:50.400000Z,noise
2025-03-21T01:43:01.400000Z,short_signal
2025-03-21T01:43:04.800000Z,noise
2025-03-21T01:43:14.400000Z,noise
2025-03-21T01:43:37.000000Z,noise
2025-03-21T01:43:47.000000Z,noise
2025-03-21T01:44:07.000000Z,noise
2025-03-21T01:44:24.200000Z,surface_waves
2025-03-21T01:44:34.200000Z,noise
2025-03-21T01:45:04.800000Z,noise
2025-03-21T01:45:48.800000Z,noise
2025-03-21T01:46:10.200000Z,noise
2025-03-21T01:46:12.600000Z,noise
2025-03-21T01:46:41.200000Z,noise
2025-03-21T01:48:11.200000Z,noise
2025-03-21T01:48:22.400000Z,noise
2025-03-21T01:49:22.200000Z,noise
2025-03-21T01:50:13.000000Z,surface_waves
2025-03-21T01:51:06.800000Z,noise
2025-03-21T01:51:26.800000Z,icequake
2025-03-21T01:51:30.800000Z,noise
2025-03-21T01:51:40.800000Z,surface_waves
2025-03-21T01:52:18.200000Z,noise
2025-03-21T01:52:21.600000Z,short_signal
2025-03-21T01:52:54.200000Z,short_signal
2025-03-21T01:53:03.400000Z,noise
2025-03-21T01:53:26.800000Z,short_signal
2025-03-21T01:53:30.200000Z,noise
2025-03-21T01:54:09.200000Z,surface_waves
2025-03-21T01:54:17.400000Z,short_signal
2025-03-21T01:54:28.200000Z,surface_waves
2025-03-21T01:54:35.200000Z,noise
2025-03-21T01:54:44.400000Z,noise
2025-03-21T01:56:03.400000Z,noise
2025-03-21T01:56:28.600000Z,short_signal
2025-03-21T01:56:58.200000Z,noise
2025-03-21T01:57:03.200000Z,noise
2025-03-21T01:57:17.400000Z,icequake
2025-03-21T01:57:46.800000Z,noise
2025-03-21T01:58:10.600000Z,icequake
2025-03-21T01:58:56.000000Z,noise
2025-03-21T01:59:03.800000Z,noise
2025-03-21T01:59:24.000000Z,noise
2025-03-21T01:59:33.400000Z,noise
2025-03-21T01:59:40.000000Z,short_signal
2025-03-21T01:59:47.200000Z,noise
2025-03-21T01:59:51.000000Z,noise
2025-03-21T02:00:15.000000Z,short_signal
2025-03-21T02:00:17.600000Z,noise
2025-03-21T02:00:26.800000Z,short_signal
2025-03-21T02:00:39.200000Z,noise
2025-03-21T02:00:44.000000Z,noise
2025-03-21T02:00:54.600000Z,surface_waves
2025-03-21T02:01:11.600000Z,short_signal
2025-03-21T02:01:16.600000Z,short_signal
2025-03-21T02:01:29.200000Z,noise
2025-03-21T02:02:33.200000Z,noise
2025-03-21T02:02:44.000000Z,noise
2025-03-21T02:02:55.200000Z,noise
2025-03-21T02:03:44.600000Z,noise
2025-03-21T02:03:49.200000Z,short_signal
2025-03-21T02:04:47.200000Z,icequake
2025-03-21T02:05:08.400000Z,short_signal
2025-03-21T02:05:18.600000Z,icequake
2025-03-21T02:05:31.200000Z,noise
2025-03-21T02:05:34.200000Z,noise
2025-03-21T02:05:45.400000Z,noise
2025-03-21T02:05:49.800000Z,noise
2025-03-21T02:05:54.800000Z,noise
2025-03-21T02:06:10.000000Z,noise
2025-03-21T02:06:12.600000Z,noise
2025-03-21T02:06:17.400000Z,noise
2025-03-21T02:06:39.600000Z,noise
2025-03-21T02:07:06.200000Z,noise
2025-03-21T02:07:23.600000Z,noise
2025-03-21T02:07:27.600000Z,noise
2025-03-21T02:07:36.000000Z,noise
2025-03-21T02:08:16.000000Z,noise
2025-03-21T02:08:32.400000Z,noise
2025-03-21T02:08:37.400000Z,noise
2025-03-21T02:09:04.000000Z,short_signal
2025-03-21T02:09:14.000000Z,noise
2025-03-21T02:09:31.600000Z,short_signal
2025-03-21T02:09:41.400000Z,short_signal
2025-03-21T02:09:44.000000Z,short_signal
2025-03-21T02:10:43.800000Z,icequake
2025-03-21T02:10:47.000000Z,short_signal
2025-03-21T02:10:49.800000Z,short_signal
2025-03-21T02:10:58.800000Z,surface_waves
2025-03-21T02:11:03.800000Z,noise
2025-03-21T02:11:07.200000Z,noise
2025-03-21T02:11:24.000000Z,short_signal
2025-03-21T02:11:51.600000Z,noise
2025-03-21T02:12:30.000000Z,noise
2025-03-21T02:12:32.600000Z,surface_waves
2025-03-21T02:12:46.400000Z,noise
2025-03-21T02:13:38.600000Z,noise
2025-03-21T02:14:01.000000Z,noise
2025-03-21T02:14:16.400000Z,noise
2025-03-21T02:14:19.000000Z,noise
2025-03-21T02:15:10.600000Z,noise
2025-03-21T02:15:30.000000Z,noise
2025-03-21T02:15:34.400000Z,noise
2025-03-21T02:15:37.000000Z,noise
2025-03-21T02:16:53.600000Z,short_signal
2025-03-21T02:16:55.800000Z,noise
2025-03-21T02:17:12.200000Z,noise
2025-03-21T02:17:15.000000Z,noise
2025-03-21T02:17:33.800000Z,noise
2025-03-21T02:18:50.000000Z,noise
2025-03-21T02:20:21.800000Z,noise
2025-03-21T02:22:12.000000Z,noise
2025-03-21T02:22:17.200000Z,noise
2025-03-21T02:22:29.800000Z,short_signal
2025-03-21T02:22:39.200000Z,noise
2025-03-21T02:23:04.600000Z,noise
2025-03-21T02:23:34.600000Z,noise
2025-03-21T02:23:38.200000Z,short_signal
2025-03-21T02:25:11.000000Z,surface_waves
2025-03-21T02:25:14.200000Z,noise
2025-03-21T02:25:17.200000Z,noise
2025-03-21T02:25:53.600000Z,short_signal
2025-03-21T02:25:56.200000Z,surface_waves
2025-03-21T02:26:16.000000Z,short_signal
2025-03-21T02:26:29.200000Z,noise
2025-03-21T02:29:09.400000Z,noise
2025-03-21T02:30:10.000000Z,noise
2025-03-21T02:30:12.600000Z,noise
2025-03-21T02:30:15.400000Z,noise
2025-03-21T02:30:30.000000Z,noise
2025-03-21T02:31:42.200000Z,short_signal
2025-03-21T02:31:56.800000Z,short_signal
2025-03-21T02:32:16.000000Z,noise
2025-03-21T02:32:34.200000Z,noise
2025-03-21T02:32:56.800000Z,noise
2025-03-21T02:33:04.400000Z,noise
2025-03-21T02:33:34.600000Z,noise
2025-03-21T02:33:40.600000Z,noise
2025-03-21T02:33:50.800000Z,noise
2025-03-21T02:34:23.200000Z,noise
2025-03-21T02:35:00.200000Z,noise
2025-03-21T02:36:00.400000Z,noise
2025-03-21T02:36:07.400000Z,noise
2025-03-21T02:36:30.000000Z,noise
2025-03-21T02:36:55.200000Z,icequake
2025-03-21T02:36:57.600000Z,surface_waves
2025-03-21T02:37:00.400000Z,short_signal
2025-03-21T02:37:04.000000Z,short_signal
2025-03-21T02:37:10.400000Z,noise
2025-03-21T02:38:40.400000Z,noise
2025-03-21T02:38:43.600000Z,noise
2025-03-21T02:38:47.800000Z,noise
2025-03-21T02:38:57.200000Z,noise
2025-03-21T02:39:09.800000Z,noise
2025-03-21T02:39:55.600000Z,noise
2025-03-21T02:40:10.400000Z,short_signal
2025-03-21T02:40:12.600000Z,short_signal
2025-03-21T02:40:24.400000Z,surface_waves
2025-03-21T02:41:53.600000Z,noise
2025-03-21T02:42:29.200000Z,short_signal
2025-03-21T02:42:52.800000Z,noise
2025-03-21T02:43:21.400000Z,noise
2025-03-21T02:43:42.000000Z,noise
2025-03-21T02:44:29.800000Z,noise
2025-03-21T02:46:16.800000Z,noise
2025-03-21T02:48:10.600000Z,noise
2025-03-21T02:49:04.000000Z,short_signal
2025-03-21T02:51:01.800000Z,noise
2025-03-21T02:52:52.200000Z,surface_waves
2025-03-21T02:53:11.200000Z,short_signal
2025-03-21T02:53:23.400000Z,noise
2025-03-21T02:53:35.200000Z,noise
2025-03-21T02:53:44.000000Z,noise
2025-03-21T02:53:49.000000Z,noise
2025-03-21T02:53:57.600000Z,short_signal
2025-03-21T02:54:14.800000Z,noise
2025-03-21T02:54:19.800000Z,noise
2025-03-21T02:55:25.400000Z,short_signal
2025-03-21T02:55:45.400000Z,short_signal
2025-03-21T02:55:51.600000Z,noise
2025-03-21T02:56:09.000000Z,surface_waves
2025-03-21T02:56:11.600000Z,surface_waves
2025-03-21T02:56:46.000000Z,noise
2025-03-21T02:56:57.200000Z,noise
2025-03-21T02:57:01.200000Z,noise
2025-03-21T02:57:41.800000Z,noise
2025-03-21T02:57:48.200000Z,noise
2025-03-21T02:57:56.200000Z,noise
2025-03-21T02:59:17.800000Z,short_signal
2025-03-21T03:01:03.600000Z,noise
2025-03-21T03:01:50.400000Z,short_signal
2025-03-21T03:02:13.000000Z,short_signal
2025-03-21T03:03:13.800000Z,surface_waves
2025-03-21T03:04:50.800000Z,short_signal
2025-03-21T03:05:38.600000Z,noise
2025-03-21T03:06:40.200000Z,icequake
2025-03-21T03:06:58.400000Z,surface_waves
2025-03-21T03:07:07.000000Z,noise
2025-03-21T03:07:42.800000Z,noise
2025-03-21T03:07:49.600000Z,noise
2025-03-21T03:07:52.000000Z,noise
2025-03-21T03:08:09.400000Z,short_signal
2025-03-21T03:08:12.600000Z,surface_waves
2025-03-21T03:08:23.800000Z,noise
2025-03-21T03:08:35.400000Z,noise
2025-03-21T03:08:53.400000Z,short_signal
2025-03-21T03:08:55.800000Z,noise
2025-03-21T03:09:53.000000Z,short_signal
2025-03-21T03:10:11.000000Z,short_signal
2025-03-21T03:10:22.400000Z,noise
2025-03-21T03:11:36.600000Z,noise
2025-03-21T03:11:41.200000Z,noise
2025-03-21T03:11:46.400000Z,noise
2025-03-21T03:12:08.200000Z,short_signal
2025-03-21T03:12:14.600000Z,short_signal
2025-03-21T03:12:17.800000Z,short_signal
2025-03-21T03:12:38.600000Z,short_signal
2025-03-21T03:12:41.000000Z,short_signal
2025-03-21T03:13:06.000000Z,noise
2025-03-21T03:15:43.600000Z,noise
2025-03-21T03:15:55.400000Z,noise
2025-03-21T03:16:25.200000Z,noise
2025-03-21T03:17:08.000000Z,noise
2025-03-21T03:17:16.800000Z,noise
2025-03-21T03:17:25.400000Z,noise
2025-03-21T03:19:47.200000Z,noise
2025-03-21T03:21:37.000000Z,noise
2025-03-21T03:21:54.200000Z,short_signal
2025-03-21T03:22:06.600000Z,noise
2025-03-21T03:23:22.400000Z,noise
2025-03-21T03:25:26.800000Z,noise
2025-03-21T03:25:59.800000Z,surface_waves
2025-03-21T03:26:10.000000Z,noise
2025-03-21T03:26:49.000000Z,icequake
2025-03-21T03:26:51.400000Z,short_signal
2025-03-21T03:27:13.400000Z,noise
2025-03-21T03:28:48.600000Z,noise
2025-03-21T03:30:27.400000Z,surface_waves
2025-03-21T03:38:58.400000Z,noise
2025-03-21T03:39:14.400000Z,noise
2025-03-21T03:39:40.200000Z,noise
2025-03-21T03:41:47.000000Z,noise
2025-03-21T03:43:17.000000Z,icequake
2025-03-21T03:44:15.400000Z,noise
2025-03-21T03:44:51.200000Z,noise
2025-03-21T03:47:34.600000Z,short_signal
2025-03-21T03:55:15.600000Z,surface_waves
2025-03-21T03:57:43.000000Z,short_signal
2025-03-21T03:58:22.400000Z,noise
2025-03-21T04:04:13.800000Z,noise
2025-03-21T04:05:23.600000Z,noise
2025-03-21T04:06:28.800000Z,noise
2025-03-21T04:07:45.800000Z,short_signal
2025-03-21T04:10:01.200000Z,noise
2025-03-21T04:10:36.200000Z,noise
2025-03-21T04:13:29.800000Z,noise
2025-03-21T04:19:20.800000Z,short_signal
2025-03-21T04:19:32.200000Z,short_signal
2025-03-21T04:19:42.400000Z,icequake
2025-03-21T04:25:25.000000Z,noise
2025-03-21T05:01:37.200000Z,noise
2025-03-21T05:02:09.000000Z,noise
2025-03-21T05:13:56.200000Z,noise
2025-03-21T05:16:09.800000Z,short_signal
2025-03-21T05:16:13.600000Z,noise
2025-03-21T05:20:55.400000Z,noise
2025-03-21T05:30:35.600000Z,noise
2025-03-21T05:31:47.800000Z,noise
2025-03-21T05:38:45.600000Z,short_signal
2025-03-21T05:39:16.400000Z,noise
2025-03-21T05:39:23.600000Z,short_signal
2025-03-21T05:39:26.600000Z,short_signal
2025-03-21T05:46:54.800000Z,noise
2025-03-21T05:47:20.600000Z,noise
2025-03-21T05:51:53.800000Z,noise
2025-03-21T05:52:01.000000Z,noise
2025-03-21T05:53:12.600000Z,icequake
2025-03-21T05:58:09.200000Z,noise
2025-03-21T05:58:23.400000Z,short_signal
2025-03-21T05:58:44.000000Z,surface_waves
2025-03-21T06:01:37.400000Z,noise
2025-03-21T06:03:01.600000Z,short_signal
2025-03-21T06:05:02.000000Z,short_signal
2025-03-21T06:06:14.200000Z,noise
2025-03-21T06:06:21.200000Z,short_signal
2025-03-21T06:14:40.200000Z,noise
2025-03-21T06:19:13.600000Z,noise
2025-03-21T06:23:51.200000Z,noise
2025-03-21T06:25:29.200000Z,noise
2025-03-21T06:25:46.800000Z,surface_waves
2025-03-21T06:26:17.600000Z,noise
2025-03-21T06:28:05.400000Z,noise
2025-03-21T06:28:31.000000Z,short_signal
2025-03-21T06:28:59.200000Z,noise
2025-03-21T06:30:36.600000Z,short_signal
2025-03-21T06:34:29.200000Z,short_signal
2025-03-21T06:35:47.800000Z,noise
2025-03-21T06:37:39.400000Z,short_signal
2025-03-21T06:38:40.800000Z,noise
2025-03-21T06:38:55.600000Z,noise
2025-03-21T06:41:31.400000Z,short_signal
2025-03-21T06:41:59.200000Z,noise
2025-03-21T06:43:23.400000Z,short_signal
2025-03-21T06:44:33.200000Z,noise
2025-03-21T06:44:57.800000Z,noise
2025-03-21T06:45:53.000000Z,noise
2025-03-21T06:56:04.800000Z,surface_waves
2025-03-21T07:14:34.800000Z,noise
2025-03-21T07:14:44.400000Z,noise
2025-03-21T07:14:51.000000Z,noise
2025-03-21T07:19:33.200000Z,noise
2025-03-21T07:20:49.200000Z,noise
2025-03-21T07:39:06.000000Z,noise
2025-03-21T07:44:38.000000Z,short_signal
2025-03-21T07:54:44.000000Z,short_signal
2025-03-21T08:06:33.600000Z,noise
2025-03-21T08:29:47.000000Z,noise
2025-03-21T08:40:23.800000Z,noise
2025-03-21T08:48:13.600000Z,surface_waves
2025-03-21T09:04:08.000000Z,short_signal
2025-03-21T09:04:21.400000Z,noise
2025-03-21T09:09:44.200000Z,short_signal
2025-03-21T09:22:47.200000Z,noise
2025-03-21T09:35:43.000000Z,noise
2025-03-21T09:40:59.600000Z,icequake
2025-03-21T09:41:01.800000Z,surface_waves
2025-03-21T09:41:05.200000Z,short_signal
2025-03-21T09:41:18.600000Z,short_signal
2025-03-21T09:44:04.200000Z,short_signal
2025-03-21T09:44:06.400000Z,short_signal
2025-03-21T09:54:59.600000Z,short_signal
2025-03-21T10:00:18.800000Z,noise
2025-03-21T10:48:36.000000Z,noise
2025-03-21T10:53:39.200000Z,short_signal
2025-03-21T10:55:12.600000Z,noise
2025-03-21T11:00:25.600000Z,surface_waves
2025-03-21T11:11:52.400000Z,noise
2025-03-21T11:15:44.600000Z,icequake
2025-03-21T11:25:24.200000Z,short_signal
2025-03-21T11:30:02.400000Z,noise
2025-03-21T11:41:10.400000Z,noise
2025-03-21T12:12:21.800000Z,noise
2025-03-21T12:16:21.800000Z,noise
2025-03-21T13:00:03.600000Z,short_signal
2025-03-21T13:11:49.200000Z,short_signal
2025-03-21T13:47:46.800000Z,noise
2025-03-21T13:51:33.400000Z,noise
2025-03-21T15:23:33.000000Z,short_signal
2025-03-21T16:22:38.800000Z,noise
2025-03-21T17:31:44.000000Z,noise
2025-03-21T17:46:30.600000Z,short_signal
2025-03-21T18:03:29.600000Z,icequake
2025-03-21T18:07:09.600000Z,noise
2025-03-21T18:59:36.400000Z,short_signal
2025-03-21T19:48:48.800000Z,noise
2025-03-21T20:18:12.600000Z,surface_waves
2025-03-21T21:00:19.200000Z,surface_waves
2025-03-21T21:56:44.000000Z,short_signal
2025-03-21T21:58:28.800000Z,short_signal
2025-03-21T22:02:56.000000Z,surface_waves
2025-03-21T22:38:59.800000Z,short_signal
2025-03-21T23:09:08.400000Z,short_signal
